"Name","Email","Role","Division","Status","Active","MustChangePassword","PasswordHashHealth","EmailHealth","DuplicateEmailCount","LoginSuccesses","LoginFailures","LastLoginSuccess","LastLoginFailure","AccountHealth","Issues"
"Dominic Kibet","dominic.kibet@publicservice.go.ke","Research Officer","Digital Government","Away","True","True","MALFORMED_OR_NON_BCRYPT","EMAIL_OK","1","65","42","2026-08-18 19:23:31","2026-08-18 19:23:24","BLOCKED_OR_HIGH_RISK","PASSWORD_HASH_INVALID, TEMP_PASSWORD_MUST_BE_CHANGED"
"Dylank","dylank@publicservice.go.ke","Administrator","Research","Available","True","True","MALFORMED_OR_NON_BCRYPT","EMAIL_OK","1","1","0","2026-08-09 19:21:47","","BLOCKED_OR_HIGH_RISK","PASSWORD_HASH_INVALID, TEMP_PASSWORD_MUST_BE_CHANGED"
"Faith Njeri","faith.njeri@publicservice.go.ke","Reviewer","Governance","Away","True","True","MALFORMED_OR_NON_BCRYPT","EMAIL_OK","1","0","0","","","BLOCKED_OR_HIGH_RISK","PASSWORD_HASH_INVALID, TEMP_PASSWORD_MUST_BE_CHANGED"
"Grace Muturi","grace.muturi@publicservice.go.ke","Reviewer","Quality Assurance","Busy","True","False","MALFORMED_OR_NON_BCRYPT","EMAIL_OK","1","20","0","2026-08-18 19:26:12","","BLOCKED_OR_HIGH_RISK","PASSWORD_HASH_INVALID"
"hassan","hassan@publicservic.go.ke","Research Officer","research","Available","True","True","MALFORMED_OR_NON_BCRYPT","EMAIL_OK","1","0","0","","","BLOCKED_OR_HIGH_RISK","PASSWORD_HASH_INVALID, TEMP_PASSWORD_MUST_BE_CHANGED"
"John Kamau","john.kamau@publicservice.go.ke","Research Officer","HR Research","Away","True","False","MALFORMED_OR_NON_BCRYPT","EMAIL_OK","1","1","0","2026-08-10 00:19:30","","BLOCKED_OR_HIGH_RISK","PASSWORD_HASH_INVALID"
"Mary Wanjiku","mary.wanjiku@publicservice.go.ke","Research Manager","Research & Policy","Available","True","True","MALFORMED_OR_NON_BCRYPT","EMAIL_OK","1","114","2","2026-08-18 19:28:11","2026-08-18 19:28:53","BLOCKED_OR_HIGH_RISK","PASSWORD_HASH_INVALID, TEMP_PASSWORD_MUST_BE_CHANGED"
"System Administrator","admin@publicservice.go.ke","Administrator","ICT","Available","True","False","MALFORMED_OR_NON_BCRYPT","EMAIL_OK","1","46","18","2026-08-18 19:29:08","2026-08-17 20:48:25","BLOCKED_OR_HIGH_RISK","PASSWORD_HASH_INVALID"
"www","www@gmail.com","Research Officer","www","Available","True","True","MALFORMED_OR_NON_BCRYPT","EMAIL_OK","1","0","1","","2026-08-18 19:27:59","BLOCKED_OR_HIGH_RISK","PASSWORD_HASH_INVALID, TEMP_PASSWORD_MUST_BE_CHANGED"
