"Name","Email","Role","Status","Active","MustChangePassword","PasswordHashHealth","HashLength","HashPrefix","EmailHealth","DuplicateEmailCount","LoginSuccesses","LoginFailuresLinkedToUser","LastLoginSuccess","LastLoginFailure","AccountHealth","Issues"
"Dominic Kibet","dominic.kibet@publicservice.go.ke","Research Officer","Away","True","True","BCRYPT_OK","60","$2b$","EMAIL_OK","1","65","42","2026-08-18 19:23:31","2026-08-18 19:23:24","ATTENTION","TEMP_PASSWORD_MUST_BE_CHANGED"
"Dylank","dylank@publicservice.go.ke","Administrator","Available","True","True","BCRYPT_OK","60","$2b$","EMAIL_OK","1","1","0","2026-08-09 19:21:47","","ATTENTION","TEMP_PASSWORD_MUST_BE_CHANGED"
"Faith Njeri","faith.njeri@publicservice.go.ke","Reviewer","Away","True","True","BCRYPT_OK","60","$2b$","EMAIL_OK","1","0","0","","","ATTENTION","TEMP_PASSWORD_MUST_BE_CHANGED"
"Grace Muturi","grace.muturi@publicservice.go.ke","Reviewer","Busy","True","False","BCRYPT_OK","60","$2b$","EMAIL_OK","1","20","0","2026-08-18 19:26:12","","HEALTHY",""
"hassan","hassan@publicservic.go.ke","Research Officer","Available","True","True","BCRYPT_OK","60","$2b$","EMAIL_OK","1","0","0","","","ATTENTION","TEMP_PASSWORD_MUST_BE_CHANGED, POSSIBLE_EMAIL_DOMAIN_TYPO"
"John Kamau","john.kamau@publicservice.go.ke","Research Officer","Away","True","False","BCRYPT_OK","60","$2b$","EMAIL_OK","1","1","0","2026-08-10 00:19:30","","HEALTHY",""
"Mary Wanjiku","mary.wanjiku@publicservice.go.ke","Research Manager","Available","True","True","BCRYPT_OK","60","$2b$","EMAIL_OK","1","114","2","2026-08-18 19:28:11","2026-08-18 19:28:53","ATTENTION","TEMP_PASSWORD_MUST_BE_CHANGED"
"System Administrator","admin@publicservice.go.ke","Administrator","Available","True","False","BCRYPT_OK","60","$2b$","EMAIL_OK","1","46","18","2026-08-18 19:29:08","2026-08-17 20:48:25","HEALTHY",""
"www","www@gmail.com","Research Officer","Available","True","True","BCRYPT_OK","60","$2b$","EMAIL_OK","1","0","1","","2026-08-18 19:27:59","ATTENTION","TEMP_PASSWORD_MUST_BE_CHANGED"
